"Timestamp","Spider-Man: Brand New Day","The Odyssey","The Invite","The Drama","Backrooms","Obsession"
"2026/09/13 4:28:42 PM AST","5","4","Did not see","5","4","5"
"2026/09/13 4:29:32 PM AST","5","Did not see","3","4","Did not see","5"
"2026/09/13 4:29:52 PM AST","5","5","Did not see","3","Did not see","5"
"2026/09/13 4:34:15 PM AST","4","5","Did not see","Did not saee","4","5"
"2026/09/13 4:34:51 PM AST","3","3","Did not see","","1","5"
"2026/09/13 4:35:24 PM AST","4","3","Did not see","3","Did not see","5"
"2026/09/13 4:45:57 PM AST","Did not see","Did not see","Did not see","Did not saee","4","5"
"2026/09/13 5:04:45 PM AST","4","5","Did not see","Did not saee","Did not see","5"
"2026/09/13 5:05:44 PM AST","3","3","Did not see","Did not saee","Did not see","4"
"2026/09/13 5:24:37 PM AST","5","5","Did not see","5","3","5"
"2026/09/13 9:55:29 PM AST","5","Did not see","Did not see","Did not saee","4","5"