"appid","game","date","daily_avg_players","recorded_slots","available_readings","missing_readings","zero_readings"
730,"Counter-Strike: Global Offensive",2019-01-01,386773.625,288,288,0,0
730,"Counter-Strike: Global Offensive",2019-01-02,406566.71875,288,288,0,0
730,"Counter-Strike: Global Offensive",2019-01-03,396416.05109489,288,274,14,0
730,"Counter-Strike: Global Offensive",2019-01-04,423967.661921708,288,281,7,0
730,"Counter-Strike: Global Offensive",2019-01-05,460969.921708185,288,281,7,0
730,"Counter-Strike: Global Offensive",2019-01-06,445969.16254417,288,283,5,0
730,"Counter-Strike: Global Offensive",2019-01-07,387813.274647887,288,284,4,0
730,"Counter-Strike: Global Offensive",2019-01-08,378800.152173913,288,276,12,0
730,"Counter-Strike: Global Offensive",2019-01-09,377038.465034965,288,286,2,0
730,"Counter-Strike: Global Offensive",2019-01-10,372618.71875,288,288,0,0
730,"Counter-Strike: Global Offensive",2019-01-11,408651.180555556,288,288,0,1
730,"Counter-Strike: Global Offensive",2019-01-12,471568.576388889,288,288,0,0
730,"Counter-Strike: Global Offensive",2019-01-13,448160.3125,288,288,0,0
730,"Counter-Strike: Global Offensive",2019-01-14,358222.677083333,288,288,0,0
730,"Counter-Strike: Global Offensive",2019-01-15,357026.705263158,288,285,3,0
730,"Counter-Strike: Global Offensive",2019-01-16,363085.385416667,288,288,0,0
730,"Counter-Strike: Global Offensive",2019-01-17,367046.625,288,288,0,0
730,"Counter-Strike: Global Offensive",2019-01-18,401052.920138889,288,288,0,0
730,"Counter-Strike: Global Offensive",2019-01-19,463062.090277778,288,288,0,0
730,"Counter-Strike: Global Offensive",2019-01-20,450761.159722222,288,288,0,0
730,"Counter-Strike: Global Offensive",2019-01-21,374855.513888889,288,288,0,0
730,"Counter-Strike: Global Offensive",2019-01-22,368195.052631579,288,285,3,0
730,"Counter-Strike: Global Offensive",2019-01-23,378096.856630824,288,279,9,0
730,"Counter-Strike: Global Offensive",2019-01-24,376916.423611111,288,288,0,0
730,"Counter-Strike: Global Offensive",2019-01-25,404139.111111111,288,288,0,0
730,"Counter-Strike: Global Offensive",2019-01-26,466946.038194444,288,288,0,0
730,"Counter-Strike: Global Offensive",2019-01-27,452424.871527778,288,288,0,0
730,"Counter-Strike: Global Offensive",2019-01-28,371594.809027778,288,288,0,0
730,"Counter-Strike: Global Offensive",2019-01-29,368990.642105263,288,285,3,0
730,"Counter-Strike: Global Offensive",2019-01-30,364988.533568905,288,283,5,2
730,"Counter-Strike: Global Offensive",2019-01-31,385127.180555556,288,288,0,0
730,"Counter-Strike: Global Offensive",2019-02-01,405281.9375,288,288,0,0
730,"Counter-Strike: Global Offensive",2019-02-02,451479.712280702,288,285,3,0
730,"Counter-Strike: Global Offensive",2019-02-03,430623.940350877,288,285,3,2
730,"Counter-Strike: Global Offensive",2019-02-04,353633.90625,288,288,0,0
730,"Counter-Strike: Global Offensive",2019-02-05,348947.409722222,288,288,0,0
730,"Counter-Strike: Global Offensive",2019-02-06,342246.986111111,288,288,0,0
730,"Counter-Strike: Global Offensive",2019-02-07,344950.336805556,288,288,0,0
730,"Counter-Strike: Global Offensive",2019-02-08,378845.118055556,288,288,0,1
730,"Counter-Strike: Global Offensive",2019-02-09,432826.743055556,288,288,0,0
730,"Counter-Strike: Global Offensive",2019-02-10,414015.284722222,288,288,0,0
730,"Counter-Strike: Global Offensive",2019-02-11,330333.461805556,288,288,0,0
730,"Counter-Strike: Global Offensive",2019-02-12,327084.434027778,288,288,0,1
730,"Counter-Strike: Global Offensive",2019-02-13,338403.434027778,288,288,0,0
730,"Counter-Strike: Global Offensive",2019-02-14,331678.118055556,288,288,0,1
730,"Counter-Strike: Global Offensive",2019-02-15,390298.552083333,288,288,0,0
730,"Counter-Strike: Global Offensive",2019-02-16,445412.604166667,288,288,0,0
730,"Counter-Strike: Global Offensive",2019-02-17,430678.701388889,288,288,0,0
730,"Counter-Strike: Global Offensive",2019-02-18,354176.725694444,288,288,0,0
730,"Counter-Strike: Global Offensive",2019-02-19,334009.142361111,288,288,0,1
730,"Counter-Strike: Global Offensive",2019-02-20,334571.236111111,288,288,0,2
730,"Counter-Strike: Global Offensive",2019-02-21,336137.621527778,288,288,0,0
730,"Counter-Strike: Global Offensive",2019-02-22,375771.3125,288,288,0,1
730,"Counter-Strike: Global Offensive",2019-02-23,439753.072916667,288,288,0,0
730,"Counter-Strike: Global Offensive",2019-02-24,419792.529616725,288,287,1,0
730,"Counter-Strike: Global Offensive",2019-02-25,326983.388888889,288,288,0,0
730,"Counter-Strike: Global Offensive",2019-02-26,318631.487719298,288,285,3,0
730,"Counter-Strike: Global Offensive",2019-02-27,321433.180555556,288,288,0,1
730,"Counter-Strike: Global Offensive",2019-02-28,326633.381944444,288,288,0,0
730,"Counter-Strike: Global Offensive",2019-03-01,374823.826388889,288,288,0,0
730,"Counter-Strike: Global Offensive",2019-03-02,450982.215277778,288,288,0,0
730,"Counter-Strike: Global Offensive",2019-03-03,444642.136363636,288,286,2,0
730,"Counter-Strike: Global Offensive",2019-03-04,354519.756944444,288,288,0,0
730,"Counter-Strike: Global Offensive",2019-03-05,351495.03125,288,288,0,1
730,"Counter-Strike: Global Offensive",2019-03-06,342582.152777778,288,288,0,1
730,"Counter-Strike: Global Offensive",2019-03-07,340882.16254417,288,283,5,0
730,"Counter-Strike: Global Offensive",2019-03-08,400159.777003484,288,287,1,0
730,"Counter-Strike: Global Offensive",2019-03-09,460701.822916667,288,288,0,1
730,"Counter-Strike: Global Offensive",2019-03-10,440164.076388889,288,288,0,0
730,"Counter-Strike: Global Offensive",2019-03-11,256624.768844221,288,199,89,0
730,"Counter-Strike: Global Offensive",2019-03-12,326190.305555556,288,288,0,1
730,"Counter-Strike: Global Offensive",2019-03-13,324825.625,288,288,0,1
730,"Counter-Strike: Global Offensive",2019-03-14,361938.177083333,288,288,0,0
730,"Counter-Strike: Global Offensive",2019-03-15,404256.017361111,288,288,0,0
730,"Counter-Strike: Global Offensive",2019-03-16,479958.58041958,288,286,2,0
730,"Counter-Strike: Global Offensive",2019-03-17,454146.989583333,288,288,0,1
730,"Counter-Strike: Global Offensive",2019-03-18,344108.597222222,288,288,0,0
730,"Counter-Strike: Global Offensive",2019-03-19,340255.06993007,288,286,2,0
730,"Counter-Strike: Global Offensive",2019-03-20,342835.878472222,288,288,0,0
730,"Counter-Strike: Global Offensive",2019-03-21,347427.655052265,288,287,1,1
730,"Counter-Strike: Global Offensive",2019-03-22,388673.055555556,288,288,0,0
730,"Counter-Strike: Global Offensive",2019-03-23,453438.993055556,288,288,0,1
730,"Counter-Strike: Global Offensive",2019-03-24,446139.833333333,288,288,0,1
730,"Counter-Strike: Global Offensive",2019-03-25,365890.746527778,288,288,0,0
730,"Counter-Strike: Global Offensive",2019-03-26,363684.701388889,288,288,0,1
730,"Counter-Strike: Global Offensive",2019-03-27,371537.229166667,288,288,0,0
730,"Counter-Strike: Global Offensive",2019-03-28,365874.263888889,288,288,0,2
730,"Counter-Strike: Global Offensive",2019-03-29,395559.486111111,288,288,0,0
730,"Counter-Strike: Global Offensive",2019-03-30,440708.042253521,288,284,4,0
730,"Counter-Strike: Global Offensive",2019-03-31,423165.392361111,288,288,0,0
730,"Counter-Strike: Global Offensive",2019-04-01,333866.541666667,288,288,0,0
730,"Counter-Strike: Global Offensive",2019-04-02,294057.277192982,288,285,3,1
730,"Counter-Strike: Global Offensive",2019-04-03,326884.103942652,288,279,9,0
730,"Counter-Strike: Global Offensive",2019-04-04,337668.734982332,288,283,5,0
730,"Counter-Strike: Global Offensive",2019-04-05,373614.13074205,288,283,5,0
730,"Counter-Strike: Global Offensive",2019-04-06,396269.489583333,288,288,0,0
730,"Counter-Strike: Global Offensive",2019-04-07,421439.208333333,288,288,0,0
730,"Counter-Strike: Global Offensive",2019-04-08,337563.607638889,288,288,0,0
730,"Counter-Strike: Global Offensive",2019-04-09,332544.853658537,288,287,1,1
730,"Counter-Strike: Global Offensive",2019-04-10,331765.666666667,288,288,0,1
730,"Counter-Strike: Global Offensive",2019-04-11,340218.385416667,288,288,0,0
730,"Counter-Strike: Global Offensive",2019-04-12,377522.267361111,288,288,0,1
730,"Counter-Strike: Global Offensive",2019-04-13,436866.951388889,288,288,0,0
730,"Counter-Strike: Global Offensive",2019-04-14,428696.510416667,288,288,0,0
730,"Counter-Strike: Global Offensive",2019-04-15,341753.885017422,288,287,1,0
730,"Counter-Strike: Global Offensive",2019-04-16,336093.228070175,288,285,3,0
730,"Counter-Strike: Global Offensive",2019-04-17,343451.875,288,288,0,2
730,"Counter-Strike: Global Offensive",2019-04-18,351752.53125,288,288,0,0
730,"Counter-Strike: Global Offensive",2019-04-19,387763,288,288,0,0
730,"Counter-Strike: Global Offensive",2019-04-20,310276.596566524,288,233,55,50
730,"Counter-Strike: Global Offensive",2019-04-21,401867.083333333,288,288,0,0
730,"Counter-Strike: Global Offensive",2019-04-22,346645.818181818,288,286,2,0
730,"Counter-Strike: Global Offensive",2019-04-23,334981.70877193,288,285,3,2
730,"Counter-Strike: Global Offensive",2019-04-24,326858.013888889,288,288,0,0
730,"Counter-Strike: Global Offensive",2019-04-25,328137.173611111,288,288,0,0
730,"Counter-Strike: Global Offensive",2019-04-26,349888.447916667,288,288,0,0
730,"Counter-Strike: Global Offensive",2019-04-27,392585.638888889,288,288,0,0
730,"Counter-Strike: Global Offensive",2019-04-28,399679.135416667,288,288,0,0
730,"Counter-Strike: Global Offensive",2019-04-29,324473.288194444,288,288,0,0
730,"Counter-Strike: Global Offensive",2019-04-30,348881.339160839,288,286,2,0
730,"Counter-Strike: Global Offensive",2019-05-01,392374.024305556,288,288,0,0
730,"Counter-Strike: Global Offensive",2019-05-02,360614.732638889,288,288,0,0
730,"Counter-Strike: Global Offensive",2019-05-03,384479.652777778,288,288,0,0
730,"Counter-Strike: Global Offensive",2019-05-04,419460.538194444,288,288,0,0
730,"Counter-Strike: Global Offensive",2019-05-05,403026.8125,288,288,0,0
730,"Counter-Strike: Global Offensive",2019-05-06,324134.349823322,288,283,5,0
730,"Counter-Strike: Global Offensive",2019-05-07,322527.402777778,288,288,0,1
730,"Counter-Strike: Global Offensive",2019-05-08,337002.909722222,288,288,0,0
730,"Counter-Strike: Global Offensive",2019-05-09,336450.614583333,288,288,0,0
730,"Counter-Strike: Global Offensive",2019-05-10,363195.329861111,288,288,0,0
730,"Counter-Strike: Global Offensive",2019-05-11,414722.170138889,288,288,0,0
730,"Counter-Strike: Global Offensive",2019-05-12,399784.703832753,288,287,1,0
730,"Counter-Strike: Global Offensive",2019-05-13,314206.625,288,288,0,0
730,"Counter-Strike: Global Offensive",2019-05-14,320223.328671329,288,286,2,1
730,"Counter-Strike: Global Offensive",2019-05-15,322048.700348432,288,287,1,1
730,"Counter-Strike: Global Offensive",2019-05-16,322821.392361111,288,288,0,0
730,"Counter-Strike: Global Offensive",2019-05-17,362269.052083333,288,288,0,0
730,"Counter-Strike: Global Offensive",2019-05-18,416957.628472222,288,288,0,0
730,"Counter-Strike: Global Offensive",2019-05-19,406147.6875,288,288,0,0
730,"Counter-Strike: Global Offensive",2019-05-20,328130.576388889,288,288,0,0
730,"Counter-Strike: Global Offensive",2019-05-21,330564.753472222,288,288,0,2
730,"Counter-Strike: Global Offensive",2019-05-22,337638.260416667,288,288,0,0
730,"Counter-Strike: Global Offensive",2019-05-23,342907.395833333,288,288,0,0
730,"Counter-Strike: Global Offensive",2019-05-24,378273.899305556,288,288,0,0
730,"Counter-Strike: Global Offensive",2019-05-25,420472.819444444,288,288,0,0
730,"Counter-Strike: Global Offensive",2019-05-26,410211.326388889,288,288,0,0
730,"Counter-Strike: Global Offensive",2019-05-27,355548.305263158,288,285,3,0
730,"Counter-Strike: Global Offensive",2019-05-28,355205.512280702,288,285,3,0
730,"Counter-Strike: Global Offensive",2019-05-29,364775.493055556,288,288,0,0
730,"Counter-Strike: Global Offensive",2019-05-30,380087.934027778,288,288,0,0
730,"Counter-Strike: Global Offensive",2019-05-31,393005.526132404,288,287,1,0
730,"Counter-Strike: Global Offensive",2019-06-01,420187.080586081,288,273,15,0
730,"Counter-Strike: Global Offensive",2019-06-02,410417.708185053,288,281,7,0
730,"Counter-Strike: Global Offensive",2019-06-03,363951.764285714,288,280,8,0
730,"Counter-Strike: Global Offensive",2019-06-04,357594.150877193,288,285,3,0
730,"Counter-Strike: Global Offensive",2019-06-05,361434.947916667,288,288,0,0
730,"Counter-Strike: Global Offensive",2019-06-06,366584.438848921,288,278,10,0
730,"Counter-Strike: Global Offensive",2019-06-07,386074.43006993,288,286,2,0
730,"Counter-Strike: Global Offensive",2019-06-08,406058.542857143,288,280,8,0
730,"Counter-Strike: Global Offensive",2019-06-09,408796.864583333,288,288,0,0
730,"Counter-Strike: Global Offensive",2019-06-10,374922.552083333,288,288,0,2
730,"Counter-Strike: Global Offensive",2019-06-11,365971.611111111,288,288,0,2
730,"Counter-Strike: Global Offensive",2019-06-12,361545.445614035,288,285,3,0
730,"Counter-Strike: Global Offensive",2019-06-13,374901.524305556,288,288,0,0
730,"Counter-Strike: Global Offensive",2019-06-14,389867.909722222,288,288,0,0
730,"Counter-Strike: Global Offensive",2019-06-15,411427.512280702,288,285,3,0
730,"Counter-Strike: Global Offensive",2019-06-16,414231.027777778,288,288,0,0
730,"Counter-Strike: Global Offensive",2019-06-17,382823.777777778,288,288,0,0
730,"Counter-Strike: Global Offensive",2019-06-18,381808.580645161,288,279,9,0
730,"Counter-Strike: Global Offensive",2019-06-19,382697.565371025,288,283,5,1
730,"Counter-Strike: Global Offensive",2019-06-20,402106.236111111,288,288,0,0
730,"Counter-Strike: Global Offensive",2019-06-21,398155.229166667,288,288,0,1
730,"Counter-Strike: Global Offensive",2019-06-22,415258.463157895,288,285,3,0
730,"Counter-Strike: Global Offensive",2019-06-23,416106.076388889,288,288,0,0
730,"Counter-Strike: Global Offensive",2019-06-24,390162.64084507,288,284,4,0
730,"Counter-Strike: Global Offensive",2019-06-25,385573.881944444,288,288,0,0
730,"Counter-Strike: Global Offensive",2019-06-26,384694.722807018,288,285,3,0
730,"Counter-Strike: Global Offensive",2019-06-27,382923.072916667,288,288,0,0
730,"Counter-Strike: Global Offensive",2019-06-28,381557.756944444,288,288,0,1
730,"Counter-Strike: Global Offensive",2019-06-29,391423.355400697,288,287,1,0
730,"Counter-Strike: Global Offensive",2019-06-30,393766.930555556,288,288,0,0
730,"Counter-Strike: Global Offensive",2019-07-01,373474.829861111,288,288,0,2
730,"Counter-Strike: Global Offensive",2019-07-02,373405.815972222,288,288,0,0
730,"Counter-Strike: Global Offensive",2019-07-03,372548.21875,288,288,0,0
730,"Counter-Strike: Global Offensive",2019-07-04,374365.350694444,288,288,0,1
730,"Counter-Strike: Global Offensive",2019-07-05,375659.893238434,288,281,7,0
730,"Counter-Strike: Global Offensive",2019-07-06,387263.513888889,288,288,0,0
730,"Counter-Strike: Global Offensive",2019-07-07,394749.087108014,288,287,1,0
730,"Counter-Strike: Global Offensive",2019-07-08,387386.463414634,288,287,1,0
730,"Counter-Strike: Global Offensive",2019-07-09,389998.614035088,288,285,3,0
730,"Counter-Strike: Global Offensive",2019-07-10,390787.298611111,288,288,0,0
730,"Counter-Strike: Global Offensive",2019-07-11,401196.684027778,288,288,0,0
730,"Counter-Strike: Global Offensive",2019-07-12,407983.388888889,288,288,0,0
730,"Counter-Strike: Global Offensive",2019-07-13,412490.041666667,288,288,0,0
730,"Counter-Strike: Global Offensive",2019-07-14,419024.03125,288,288,0,0
730,"Counter-Strike: Global Offensive",2019-07-15,405004.070671378,288,283,5,0
730,"Counter-Strike: Global Offensive",2019-07-16,406837.934027778,288,288,0,1
730,"Counter-Strike: Global Offensive",2019-07-17,398363.329861111,288,288,0,0
730,"Counter-Strike: Global Offensive",2019-07-18,393360.78125,288,288,0,0
730,"Counter-Strike: Global Offensive",2019-07-19,383426.590277778,288,288,0,2
730,"Counter-Strike: Global Offensive",2019-07-20,389351.961805556,288,288,0,0
730,"Counter-Strike: Global Offensive",2019-07-21,402265.548611111,288,288,0,0
730,"Counter-Strike: Global Offensive",2019-07-22,391118.069444444,288,288,0,1
730,"Counter-Strike: Global Offensive",2019-07-23,390752.760416667,288,288,0,3
730,"Counter-Strike: Global Offensive",2019-07-24,390492.263888889,288,288,0,1
730,"Counter-Strike: Global Offensive",2019-07-25,400408.902777778,288,288,0,0
730,"Counter-Strike: Global Offensive",2019-07-26,397446.357638889,288,288,0,2
730,"Counter-Strike: Global Offensive",2019-07-27,409534.149305556,288,288,0,0
730,"Counter-Strike: Global Offensive",2019-07-28,410243.434027778,288,288,0,0
730,"Counter-Strike: Global Offensive",2019-07-29,396158.128472222,288,288,0,0
730,"Counter-Strike: Global Offensive",2019-07-30,399168.53125,288,288,0,1
730,"Counter-Strike: Global Offensive",2019-07-31,394136.28125,288,288,0,0
730,"Counter-Strike: Global Offensive",2019-08-01,399224.774305556,288,288,0,0
730,"Counter-Strike: Global Offensive",2019-08-02,402222.135416667,288,288,0,0
730,"Counter-Strike: Global Offensive",2019-08-03,409631.434027778,288,288,0,0
730,"Counter-Strike: Global Offensive",2019-08-04,418464.46875,288,288,0,0
730,"Counter-Strike: Global Offensive",2019-08-05,399939.270833333,288,288,0,0
730,"Counter-Strike: Global Offensive",2019-08-06,396832.894736842,288,285,3,0
730,"Counter-Strike: Global Offensive",2019-08-07,392701.354166667,288,288,0,1
730,"Counter-Strike: Global Offensive",2019-08-08,393658.451388889,288,288,0,1
730,"Counter-Strike: Global Offensive",2019-08-09,402011.434027778,288,288,0,0
730,"Counter-Strike: Global Offensive",2019-08-10,413412.423611111,288,288,0,0
730,"Counter-Strike: Global Offensive",2019-08-11,418825.552083333,288,288,0,0
730,"Counter-Strike: Global Offensive",2019-08-12,406878.090277778,288,288,0,0
730,"Counter-Strike: Global Offensive",2019-08-13,402357.618055556,288,288,0,1
730,"Counter-Strike: Global Offensive",2019-08-14,331689.659722222,288,288,0,0
730,"Counter-Strike: Global Offensive",2019-08-15,399772.315972222,288,288,0,1
730,"Counter-Strike: Global Offensive",2019-08-16,409713.777003484,288,287,1,0
730,"Counter-Strike: Global Offensive",2019-08-17,430353.774305556,288,288,0,0
730,"Counter-Strike: Global Offensive",2019-08-18,440809.159722222,288,288,0,0
730,"Counter-Strike: Global Offensive",2019-08-19,415684.84375,288,288,0,0
730,"Counter-Strike: Global Offensive",2019-08-20,404268.259649123,288,285,3,0
730,"Counter-Strike: Global Offensive",2019-08-21,411705.256944444,288,288,0,0
730,"Counter-Strike: Global Offensive",2019-08-22,409562.4375,288,288,0,0
730,"Counter-Strike: Global Offensive",2019-08-23,425282.180555556,288,288,0,0
730,"Counter-Strike: Global Offensive",2019-08-24,439726.958333333,288,288,0,0
730,"Counter-Strike: Global Offensive",2019-08-25,450252.944444444,288,288,0,0
730,"Counter-Strike: Global Offensive",2019-08-26,426499.253472222,288,288,0,0
730,"Counter-Strike: Global Offensive",2019-08-27,426146.527777778,288,288,0,1
730,"Counter-Strike: Global Offensive",2019-08-28,428081.302816901,288,284,4,0
730,"Counter-Strike: Global Offensive",2019-08-29,423932.965277778,288,288,0,1
730,"Counter-Strike: Global Offensive",2019-08-30,440195.454861111,288,288,0,0
730,"Counter-Strike: Global Offensive",2019-08-31,463161.934027778,288,288,0,0
730,"Counter-Strike: Global Offensive",2019-09-01,454324.138888889,288,288,0,0
730,"Counter-Strike: Global Offensive",2019-09-02,406522.201388889,288,288,0,0
730,"Counter-Strike: Global Offensive",2019-09-03,372272.635087719,288,285,3,0
730,"Counter-Strike: Global Offensive",2019-09-04,372283.395833333,288,288,0,0
730,"Counter-Strike: Global Offensive",2019-09-05,373525.149305556,288,288,0,1
730,"Counter-Strike: Global Offensive",2019-09-06,412020.87456446,288,287,1,1
730,"Counter-Strike: Global Offensive",2019-09-07,490890.236111111,288,288,0,0
730,"Counter-Strike: Global Offensive",2019-09-08,485472.086805556,288,288,0,0
730,"Counter-Strike: Global Offensive",2019-09-09,386423.55,288,260,28,1
730,"Counter-Strike: Global Offensive",2019-09-10,377353.6,288,285,3,0
730,"Counter-Strike: Global Offensive",2019-09-11,375810.927083333,288,288,0,1
730,"Counter-Strike: Global Offensive",2019-09-12,386590.101045296,288,287,1,0
730,"Counter-Strike: Global Offensive",2019-09-13,428952.579861111,288,288,0,0
730,"Counter-Strike: Global Offensive",2019-09-14,480238.395833333,288,288,0,0
730,"Counter-Strike: Global Offensive",2019-09-15,467450.202797203,288,286,2,0
730,"Counter-Strike: Global Offensive",2019-09-16,365749.589090909,288,275,13,0
730,"Counter-Strike: Global Offensive",2019-09-17,362870.493055556,288,288,0,1
730,"Counter-Strike: Global Offensive",2019-09-18,370149.78245614,288,285,3,0
730,"Counter-Strike: Global Offensive",2019-09-19,381662.124087591,288,274,14,1
730,"Counter-Strike: Global Offensive",2019-09-20,422012.03125,288,288,0,0
730,"Counter-Strike: Global Offensive",2019-09-21,497160.100694444,288,288,0,0
730,"Counter-Strike: Global Offensive",2019-09-22,470332.673611111,288,288,0,0
730,"Counter-Strike: Global Offensive",2019-09-23,366404.59375,288,288,0,0
730,"Counter-Strike: Global Offensive",2019-09-24,362840.237762238,288,286,2,2
730,"Counter-Strike: Global Offensive",2019-09-25,368735.604166667,288,288,0,0
730,"Counter-Strike: Global Offensive",2019-09-26,363674.778947368,288,285,3,0
730,"Counter-Strike: Global Offensive",2019-09-27,411058.802083333,288,288,0,0
730,"Counter-Strike: Global Offensive",2019-09-28,473620.356363636,288,275,13,0
730,"Counter-Strike: Global Offensive",2019-09-29,470866.62369338,288,287,1,0
730,"Counter-Strike: Global Offensive",2019-09-30,398496.181184669,288,287,1,2
730,"Counter-Strike: Global Offensive",2019-10-01,388728.898550725,288,276,12,1
730,"Counter-Strike: Global Offensive",2019-10-02,387201.384615385,288,286,2,1
730,"Counter-Strike: Global Offensive",2019-10-03,399562.583333333,288,288,0,0
730,"Counter-Strike: Global Offensive",2019-10-04,443276.579861111,288,288,0,0
730,"Counter-Strike: Global Offensive",2019-10-05,498382.763066202,288,287,1,0
730,"Counter-Strike: Global Offensive",2019-10-06,485801.905594406,288,286,2,0
730,"Counter-Strike: Global Offensive",2019-10-07,384274.702797203,288,286,2,0
730,"Counter-Strike: Global Offensive",2019-10-08,358957.659649123,288,285,3,1
730,"Counter-Strike: Global Offensive",2019-10-09,371914.546428571,288,280,8,0
730,"Counter-Strike: Global Offensive",2019-10-10,366471.149305556,288,288,0,1
730,"Counter-Strike: Global Offensive",2019-10-11,413395.802083333,288,288,0,1
730,"Counter-Strike: Global Offensive",2019-10-12,488759.420138889,288,288,0,0
730,"Counter-Strike: Global Offensive",2019-10-13,473529.666666667,288,288,0,0
730,"Counter-Strike: Global Offensive",2019-10-14,390790.965277778,288,288,0,0
730,"Counter-Strike: Global Offensive",2019-10-15,355424.059859155,288,284,4,1
730,"Counter-Strike: Global Offensive",2019-10-16,363497.756944444,288,288,0,0
730,"Counter-Strike: Global Offensive",2019-10-17,367598.736111111,288,288,0,0
730,"Counter-Strike: Global Offensive",2019-10-18,414757.868055556,288,288,0,2
730,"Counter-Strike: Global Offensive",2019-10-19,526474.864583333,288,288,0,0
730,"Counter-Strike: Global Offensive",2019-10-20,493663.003472222,288,288,0,0
730,"Counter-Strike: Global Offensive",2019-10-21,379833.59375,288,288,0,0
730,"Counter-Strike: Global Offensive",2019-10-22,368531.143859649,288,285,3,1
730,"Counter-Strike: Global Offensive",2019-10-23,371575.756944444,288,288,0,1
730,"Counter-Strike: Global Offensive",2019-10-24,363262.856643357,288,286,2,4
730,"Counter-Strike: Global Offensive",2019-10-25,415610.48409894,288,283,5,1
730,"Counter-Strike: Global Offensive",2019-10-26,474746.513888889,288,288,0,0
730,"Counter-Strike: Global Offensive",2019-10-27,456477.118055556,288,288,0,0
730,"Counter-Strike: Global Offensive",2019-10-28,365491.630597015,288,268,20,0
730,"Counter-Strike: Global Offensive",2019-10-29,372718.548951049,288,286,2,0
730,"Counter-Strike: Global Offensive",2019-10-30,376472.832752613,288,287,1,0
730,"Counter-Strike: Global Offensive",2019-10-31,378519.430555556,288,288,0,0
730,"Counter-Strike: Global Offensive",2019-11-01,418349.930313589,288,287,1,0
730,"Counter-Strike: Global Offensive",2019-11-02,474492.934027778,288,288,0,0
730,"Counter-Strike: Global Offensive",2019-11-03,474815.461805556,288,288,0,0
730,"Counter-Strike: Global Offensive",2019-11-04,389948.15625,288,288,0,0
730,"Counter-Strike: Global Offensive",2019-11-05,360180.961267606,288,284,4,1
730,"Counter-Strike: Global Offensive",2019-11-06,366368.334494774,288,287,1,1
730,"Counter-Strike: Global Offensive",2019-11-07,378620.305555556,288,288,0,0
730,"Counter-Strike: Global Offensive",2019-11-08,418170.201388889,288,288,0,0
730,"Counter-Strike: Global Offensive",2019-11-09,490623.212543554,288,287,1,1
730,"Counter-Strike: Global Offensive",2019-11-10,462565.864583333,288,288,0,1
730,"Counter-Strike: Global Offensive",2019-11-11,370951.930555556,288,288,0,2
730,"Counter-Strike: Global Offensive",2019-11-12,347660.038194444,288,288,0,1
730,"Counter-Strike: Global Offensive",2019-11-13,354707.545138889,288,288,0,0
730,"Counter-Strike: Global Offensive",2019-11-14,369575.270833333,288,288,0,0
730,"Counter-Strike: Global Offensive",2019-11-15,421669.385416667,288,288,0,1
730,"Counter-Strike: Global Offensive",2019-11-16,477903.808270677,288,266,22,0
730,"Counter-Strike: Global Offensive",2019-11-17,474895.34751773,288,282,6,0
730,"Counter-Strike: Global Offensive",2019-11-18,372758.176056338,288,284,4,0
730,"Counter-Strike: Global Offensive",2019-11-19,453722.225806452,288,279,9,0
730,"Counter-Strike: Global Offensive",2019-11-20,430740.39084507,288,284,4,1
730,"Counter-Strike: Global Offensive",2019-11-21,409356.185454545,288,275,13,2
730,"Counter-Strike: Global Offensive",2019-11-22,458910.725274725,288,273,15,1
730,"Counter-Strike: Global Offensive",2019-11-23,530101.095744681,288,282,6,0
730,"Counter-Strike: Global Offensive",2019-11-24,505242.038194444,288,288,0,0
730,"Counter-Strike: Global Offensive",2019-11-25,393302.673611111,288,288,0,1
730,"Counter-Strike: Global Offensive",2019-11-26,384255.98245614,288,285,3,1
730,"Counter-Strike: Global Offensive",2019-11-27,411465.225694444,288,288,0,0
730,"Counter-Strike: Global Offensive",2019-11-28,399742.658536585,288,287,1,0
730,"Counter-Strike: Global Offensive",2019-11-29,452757.559027778,288,288,0,0
730,"Counter-Strike: Global Offensive",2019-11-30,528586.475694444,288,288,0,0
730,"Counter-Strike: Global Offensive",2019-12-01,494405.951388889,288,288,0,0
730,"Counter-Strike: Global Offensive",2019-12-02,391026.520833333,288,288,0,1
730,"Counter-Strike: Global Offensive",2019-12-03,391154.934027778,288,288,0,1
730,"Counter-Strike: Global Offensive",2019-12-04,414162.616724739,288,287,1,0
730,"Counter-Strike: Global Offensive",2019-12-05,405241.618055556,288,288,0,0
730,"Counter-Strike: Global Offensive",2019-12-06,452567.006944444,288,288,0,2
730,"Counter-Strike: Global Offensive",2019-12-07,525711.864583333,288,288,0,0
730,"Counter-Strike: Global Offensive",2019-12-08,507548,288,288,0,0
730,"Counter-Strike: Global Offensive",2019-12-09,407275.383275261,288,287,1,0
730,"Counter-Strike: Global Offensive",2019-12-10,409521.964912281,288,285,3,0
730,"Counter-Strike: Global Offensive",2019-12-11,422193.517361111,288,288,0,0
730,"Counter-Strike: Global Offensive",2019-12-12,408314.131944444,288,288,0,1
730,"Counter-Strike: Global Offensive",2019-12-13,461387.5625,288,288,0,0
730,"Counter-Strike: Global Offensive",2019-12-14,526394.3125,288,288,0,0
730,"Counter-Strike: Global Offensive",2019-12-15,509949.694444444,288,288,0,0
730,"Counter-Strike: Global Offensive",2019-12-16,412117.815972222,288,288,0,0
730,"Counter-Strike: Global Offensive",2019-12-17,408260.625441696,288,283,5,0
730,"Counter-Strike: Global Offensive",2019-12-18,425463.416666667,288,288,0,0
730,"Counter-Strike: Global Offensive",2019-12-19,425796.322916667,288,288,0,1
730,"Counter-Strike: Global Offensive",2019-12-20,461339.333333333,288,288,0,1
730,"Counter-Strike: Global Offensive",2019-12-21,505108.25087108,288,287,1,0
730,"Counter-Strike: Global Offensive",2019-12-22,492374.732638889,288,288,0,0
730,"Counter-Strike: Global Offensive",2019-12-23,442880.343859649,288,285,3,0
730,"Counter-Strike: Global Offensive",2019-12-24,418135.6875,288,288,0,0
730,"Counter-Strike: Global Offensive",2019-12-25,442618.510416667,288,288,0,0
730,"Counter-Strike: Global Offensive",2019-12-26,464168.791666667,288,288,0,0
730,"Counter-Strike: Global Offensive",2019-12-27,502893.8125,288,288,0,0
730,"Counter-Strike: Global Offensive",2019-12-28,528814.756944444,288,288,0,0
730,"Counter-Strike: Global Offensive",2019-12-29,528159.006944444,288,288,0,0
730,"Counter-Strike: Global Offensive",2019-12-30,512066.087108014,288,287,1,0
730,"Counter-Strike: Global Offensive",2019-12-31,471347.097222222,288,288,0,0
570,"Dota 2",2019-01-01,434344.111111111,288,288,0,0
570,"Dota 2",2019-01-02,440703.486111111,288,288,0,0
570,"Dota 2",2019-01-03,433800.613138686,288,274,14,0
570,"Dota 2",2019-01-04,450088.402135231,288,281,7,0
570,"Dota 2",2019-01-05,496994.227758007,288,281,7,0
570,"Dota 2",2019-01-06,489938.992932862,288,283,5,0
570,"Dota 2",2019-01-07,439165.320422535,288,284,4,0
570,"Dota 2",2019-01-08,422165.471014493,288,276,12,0
570,"Dota 2",2019-01-09,412244.863636364,288,286,2,0
570,"Dota 2",2019-01-10,414329.472222222,288,288,0,0
570,"Dota 2",2019-01-11,454248.052083333,288,288,0,1
570,"Dota 2",2019-01-12,523389.194444444,288,288,0,0
570,"Dota 2",2019-01-13,511417.350694444,288,288,0,0
570,"Dota 2",2019-01-14,459334.5625,288,288,0,0
570,"Dota 2",2019-01-15,432285.305263158,288,285,3,0
570,"Dota 2",2019-01-16,429494.211805556,288,288,0,0
570,"Dota 2",2019-01-17,441664.006944444,288,288,0,0
570,"Dota 2",2019-01-18,467644.774305556,288,288,0,0
570,"Dota 2",2019-01-19,535937.434027778,288,288,0,0
570,"Dota 2",2019-01-20,533918.559027778,288,288,0,0
570,"Dota 2",2019-01-21,462094.600694444,288,288,0,0
570,"Dota 2",2019-01-22,459986.922807018,288,285,3,0
570,"Dota 2",2019-01-23,467564.092857143,288,280,8,0
570,"Dota 2",2019-01-24,468276.850694444,288,288,0,0
570,"Dota 2",2019-01-25,475913.284722222,288,288,0,0
570,"Dota 2",2019-01-26,570602.673611111,288,288,0,0
570,"Dota 2",2019-01-27,558325.045138889,288,288,0,0
570,"Dota 2",2019-01-28,489374.71875,288,288,0,0
570,"Dota 2",2019-01-29,486198.266666667,288,285,3,0
570,"Dota 2",2019-01-30,562927.4204947,288,283,5,2
570,"Dota 2",2019-01-31,561335.065972222,288,288,0,0
570,"Dota 2",2019-02-01,551321.611111111,288,288,0,0
570,"Dota 2",2019-02-02,610097.133333333,288,285,3,0
570,"Dota 2",2019-02-03,609957.294736842,288,285,3,2
570,"Dota 2",2019-02-04,546058.961805556,288,288,0,0
570,"Dota 2",2019-02-05,548514.361111111,288,288,0,0
570,"Dota 2",2019-02-06,525655.552083333,288,288,0,0
570,"Dota 2",2019-02-07,543240.131944444,288,288,0,0
570,"Dota 2",2019-02-08,559835.315972222,288,288,0,1
570,"Dota 2",2019-02-09,623142.972222222,288,288,0,0
570,"Dota 2",2019-02-10,622858.802083333,288,288,0,0
570,"Dota 2",2019-02-11,552720.84375,288,288,0,0
570,"Dota 2",2019-02-12,533348.145833333,288,288,0,1
570,"Dota 2",2019-02-13,530934.6875,288,288,0,0
570,"Dota 2",2019-02-14,504177.246527778,288,288,0,1
570,"Dota 2",2019-02-15,549204.125,288,288,0,0
570,"Dota 2",2019-02-16,623181.506944444,288,288,0,0
570,"Dota 2",2019-02-17,619765.576388889,288,288,0,0
570,"Dota 2",2019-02-18,536481.135416667,288,288,0,0
570,"Dota 2",2019-02-19,524862.072916667,288,288,0,1
570,"Dota 2",2019-02-20,515100.079861111,288,288,0,2
570,"Dota 2",2019-02-21,523626.8125,288,288,0,0
570,"Dota 2",2019-02-22,553841.75,288,288,0,1
570,"Dota 2",2019-02-23,654777.302083333,288,288,0,0
570,"Dota 2",2019-02-24,656624.104166667,288,288,0,0
570,"Dota 2",2019-02-25,570353.361111111,288,288,0,0
570,"Dota 2",2019-02-26,562085.585964912,288,285,3,0
570,"Dota 2",2019-02-27,532362.819444444,288,288,0,1
570,"Dota 2",2019-02-28,521679.46875,288,288,0,0
570,"Dota 2",2019-03-01,572146.9375,288,288,0,0
570,"Dota 2",2019-03-02,671504.916666667,288,288,0,0
570,"Dota 2",2019-03-03,644617.251748252,288,286,2,0
570,"Dota 2",2019-03-04,559736.289198606,288,287,1,0
570,"Dota 2",2019-03-05,551530.184027778,288,288,0,1
570,"Dota 2",2019-03-06,568365.628472222,288,288,0,1
570,"Dota 2",2019-03-07,561844.93639576,288,283,5,0
570,"Dota 2",2019-03-08,595960.25,288,288,0,0
570,"Dota 2",2019-03-09,667356.125,288,288,0,1
570,"Dota 2",2019-03-10,659497.774305556,288,288,0,0
570,"Dota 2",2019-03-11,536678.040201005,288,199,89,0
570,"Dota 2",2019-03-12,537364.329861111,288,288,0,1
570,"Dota 2",2019-03-13,534518.024305556,288,288,0,1
570,"Dota 2",2019-03-14,535969.784722222,288,288,0,0
570,"Dota 2",2019-03-15,573454.229166667,288,288,0,0
570,"Dota 2",2019-03-16,668237.006993007,288,286,2,0
570,"Dota 2",2019-03-17,650463.527777778,288,288,0,1
570,"Dota 2",2019-03-18,543154.399305556,288,288,0,0
570,"Dota 2",2019-03-19,544139.353146853,288,286,2,0
570,"Dota 2",2019-03-20,543369.489583333,288,288,0,0
570,"Dota 2",2019-03-21,545277.236933798,288,287,1,1
570,"Dota 2",2019-03-22,570865.829861111,288,288,0,0
570,"Dota 2",2019-03-23,652956.871527778,288,288,0,1
570,"Dota 2",2019-03-24,653517.982638889,288,288,0,1
570,"Dota 2",2019-03-25,551869.84375,288,288,0,0
570,"Dota 2",2019-03-26,548110.927083333,288,288,0,1
570,"Dota 2",2019-03-27,543189.020833333,288,288,0,0
570,"Dota 2",2019-03-28,535340.184027778,288,288,0,2
570,"Dota 2",2019-03-29,562940.930555556,288,288,0,0
570,"Dota 2",2019-03-30,655141.38028169,288,284,4,0
570,"Dota 2",2019-03-31,642319.944444444,288,288,0,0
570,"Dota 2",2019-04-01,534114.989583333,288,288,0,0
570,"Dota 2",2019-04-02,502301.866666667,288,285,3,1
570,"Dota 2",2019-04-03,531839.875,288,280,8,0
570,"Dota 2",2019-04-04,550652.042402827,288,283,5,0
570,"Dota 2",2019-04-05,587954.392226148,288,283,5,0
570,"Dota 2",2019-04-06,600543.913194444,288,288,0,0
570,"Dota 2",2019-04-07,616863.239583333,288,288,0,0
570,"Dota 2",2019-04-08,529092.253472222,288,288,0,0
570,"Dota 2",2019-04-09,524288.4375,288,288,0,1
570,"Dota 2",2019-04-10,510593.696864112,288,287,1,1
570,"Dota 2",2019-04-11,518645.475694444,288,288,0,0
570,"Dota 2",2019-04-12,552987.513888889,288,288,0,1
570,"Dota 2",2019-04-13,634912.5,288,288,0,0
570,"Dota 2",2019-04-14,627144.180555556,288,288,0,0
570,"Dota 2",2019-04-15,513583.209059233,288,287,1,0
570,"Dota 2",2019-04-16,513129.821052632,288,285,3,0
570,"Dota 2",2019-04-17,497818.996527778,288,288,0,2
570,"Dota 2",2019-04-18,505278.524305556,288,288,0,0
570,"Dota 2",2019-04-19,543861.263888889,288,288,0,0
570,"Dota 2",2019-04-20,409085.844827586,288,232,56,49
570,"Dota 2",2019-04-21,587461.059027778,288,288,0,0
570,"Dota 2",2019-04-22,491522.241258741,288,286,2,0
570,"Dota 2",2019-04-23,482016.249122807,288,285,3,2
570,"Dota 2",2019-04-24,465468.934027778,288,288,0,0
570,"Dota 2",2019-04-25,463652.46875,288,288,0,0
570,"Dota 2",2019-04-26,497212.986111111,288,288,0,0
570,"Dota 2",2019-04-27,564984.861111111,288,288,0,0
570,"Dota 2",2019-04-28,535294.322916667,288,288,0,0
570,"Dota 2",2019-04-29,472255.270833333,288,288,0,0
570,"Dota 2",2019-04-30,499239.769230769,288,286,2,0
570,"Dota 2",2019-05-01,572035.746527778,288,288,0,0
570,"Dota 2",2019-05-02,533136.152777778,288,288,0,0
570,"Dota 2",2019-05-03,550125.625,288,288,0,0
570,"Dota 2",2019-05-04,572715.024305556,288,288,0,0
570,"Dota 2",2019-05-05,549586.416666667,288,288,0,0
570,"Dota 2",2019-05-06,486853.862190813,288,283,5,0
570,"Dota 2",2019-05-07,483859.284722222,288,288,0,1
570,"Dota 2",2019-05-08,562499.875,288,288,0,0
570,"Dota 2",2019-05-09,562530.253472222,288,288,0,0
570,"Dota 2",2019-05-10,586454.184027778,288,288,0,0
570,"Dota 2",2019-05-11,652945.309027778,288,288,0,0
570,"Dota 2",2019-05-12,650308.898954704,288,287,1,0
570,"Dota 2",2019-05-13,498189.486111111,288,288,0,0
570,"Dota 2",2019-05-14,544376.447552448,288,286,2,1
570,"Dota 2",2019-05-15,532527.679442509,288,287,1,1
570,"Dota 2",2019-05-16,522195.329861111,288,288,0,0
570,"Dota 2",2019-05-17,542746.763888889,288,288,0,0
570,"Dota 2",2019-05-18,617368.083333333,288,288,0,0
570,"Dota 2",2019-05-19,623578.927083333,288,288,0,0
570,"Dota 2",2019-05-20,503728.131944444,288,288,0,0
570,"Dota 2",2019-05-21,502361.618055556,288,288,0,2
570,"Dota 2",2019-05-22,505973.833333333,288,288,0,0
570,"Dota 2",2019-05-23,490570.989583333,288,288,0,0
570,"Dota 2",2019-05-24,500371.423611111,288,288,0,0
570,"Dota 2",2019-05-25,624333.625,288,288,0,0
570,"Dota 2",2019-05-26,634658.920138889,288,288,0,0
570,"Dota 2",2019-05-27,541893.866666667,288,285,3,0
570,"Dota 2",2019-05-28,507210.192982456,288,285,3,0
570,"Dota 2",2019-05-29,512742.420138889,288,288,0,0
570,"Dota 2",2019-05-30,520877.434027778,288,288,0,0
570,"Dota 2",2019-05-31,527919.630662021,288,287,1,0
570,"Dota 2",2019-06-01,610952.683823529,288,272,16,0
570,"Dota 2",2019-06-02,605438.341637011,288,281,7,0
570,"Dota 2",2019-06-03,519938.875,288,280,8,0
570,"Dota 2",2019-06-04,517828.196491228,288,285,3,0
570,"Dota 2",2019-06-05,513325.625,288,288,0,0
570,"Dota 2",2019-06-06,517234.17266187,288,278,10,0
570,"Dota 2",2019-06-07,549031.505263158,288,285,3,0
570,"Dota 2",2019-06-08,562909.729537367,288,281,7,0
570,"Dota 2",2019-06-09,549300.90625,288,288,0,0
570,"Dota 2",2019-06-10,457251.288194444,288,288,0,2
570,"Dota 2",2019-06-11,498996.864583333,288,288,0,2
570,"Dota 2",2019-06-12,507969.806338028,288,284,4,0
570,"Dota 2",2019-06-13,502754.4375,288,288,0,0
570,"Dota 2",2019-06-14,508339.684027778,288,288,0,0
570,"Dota 2",2019-06-15,573170.470175439,288,285,3,0
570,"Dota 2",2019-06-16,581032.6875,288,288,0,0
570,"Dota 2",2019-06-17,498685.482638889,288,288,0,0
570,"Dota 2",2019-06-18,482685.247311828,288,279,9,0
570,"Dota 2",2019-06-19,473717.487632509,288,283,5,1
570,"Dota 2",2019-06-20,481340.434027778,288,288,0,0
570,"Dota 2",2019-06-21,471136.336805556,288,288,0,1
570,"Dota 2",2019-06-22,524604.350877193,288,285,3,0
570,"Dota 2",2019-06-23,553826.604166667,288,288,0,0
570,"Dota 2",2019-06-24,444751.778947368,288,285,3,0
570,"Dota 2",2019-06-25,440051.670138889,288,288,0,0
570,"Dota 2",2019-06-26,444744.849122807,288,285,3,0
570,"Dota 2",2019-06-27,466634.597222222,288,288,0,0
570,"Dota 2",2019-06-28,481018.614583333,288,288,0,1
570,"Dota 2",2019-06-29,539662.484320557,288,287,1,0
570,"Dota 2",2019-06-30,532428.5,288,288,0,0
570,"Dota 2",2019-07-01,473536.246527778,288,288,0,2
570,"Dota 2",2019-07-02,475978.604166667,288,288,0,0
570,"Dota 2",2019-07-03,463710.180555556,288,288,0,0
570,"Dota 2",2019-07-04,461570.034722222,288,288,0,1
570,"Dota 2",2019-07-05,481735.34751773,288,282,6,0
570,"Dota 2",2019-07-06,555625.864583333,288,288,0,0
570,"Dota 2",2019-07-07,525004.843205575,288,287,1,0
570,"Dota 2",2019-07-08,469199.836236934,288,287,1,0
570,"Dota 2",2019-07-09,457030.743859649,288,285,3,0
570,"Dota 2",2019-07-10,448924.131944444,288,288,0,0
570,"Dota 2",2019-07-11,447323.524305556,288,288,0,0
570,"Dota 2",2019-07-12,463538.440972222,288,288,0,0
570,"Dota 2",2019-07-13,510164.888888889,288,288,0,0
570,"Dota 2",2019-07-14,525343.538194444,288,288,0,0
570,"Dota 2",2019-07-15,453710.559859155,288,284,4,0
570,"Dota 2",2019-07-16,440153.111111111,288,288,0,1
570,"Dota 2",2019-07-17,431570.621527778,288,288,0,0
570,"Dota 2",2019-07-18,427859.586805556,288,288,0,0
570,"Dota 2",2019-07-19,440305.010416667,288,288,0,2
570,"Dota 2",2019-07-20,501800.402777778,288,288,0,0
570,"Dota 2",2019-07-21,505360.371527778,288,288,0,0
570,"Dota 2",2019-07-22,435551.381944444,288,288,0,1
570,"Dota 2",2019-07-23,432429.680555556,288,288,0,3
570,"Dota 2",2019-07-24,428350.09375,288,288,0,1
570,"Dota 2",2019-07-25,432842.34375,288,288,0,0
570,"Dota 2",2019-07-26,442126.142361111,288,288,0,2
570,"Dota 2",2019-07-27,497021.642361111,288,288,0,0
570,"Dota 2",2019-07-28,501671.510416667,288,288,0,0
570,"Dota 2",2019-07-29,437902.190972222,288,288,0,0
570,"Dota 2",2019-07-30,434572.944444444,288,288,0,1
570,"Dota 2",2019-07-31,428261.916666667,288,288,0,0
570,"Dota 2",2019-08-01,427843.715277778,288,288,0,0
570,"Dota 2",2019-08-02,444458.416666667,288,288,0,0
570,"Dota 2",2019-08-03,497872.628472222,288,288,0,0
570,"Dota 2",2019-08-04,495612.795138889,288,288,0,0
570,"Dota 2",2019-08-05,426966.847222222,288,288,0,0
570,"Dota 2",2019-08-06,443588.536842105,288,285,3,0
570,"Dota 2",2019-08-07,436135.746527778,288,288,0,1
570,"Dota 2",2019-08-08,427135.267361111,288,288,0,1
570,"Dota 2",2019-08-09,445491.538194444,288,288,0,0
570,"Dota 2",2019-08-10,518478.729166667,288,288,0,0
570,"Dota 2",2019-08-11,503978.020833333,288,288,0,0
570,"Dota 2",2019-08-12,443341.295138889,288,288,0,0
570,"Dota 2",2019-08-13,436440.982638889,288,288,0,1
570,"Dota 2",2019-08-14,399578.916666667,288,288,0,0
570,"Dota 2",2019-08-15,441139.270833333,288,288,0,1
570,"Dota 2",2019-08-16,457674.12543554,288,287,1,0
570,"Dota 2",2019-08-17,517781.822916667,288,288,0,0
570,"Dota 2",2019-08-18,520934.989583333,288,288,0,0
570,"Dota 2",2019-08-19,443107.895833333,288,288,0,0
570,"Dota 2",2019-08-20,448492.140350877,288,285,3,0
570,"Dota 2",2019-08-21,453551.947916667,288,288,0,0
570,"Dota 2",2019-08-22,450335.444444444,288,288,0,0
570,"Dota 2",2019-08-23,449837.631944444,288,288,0,0
570,"Dota 2",2019-08-24,543956.1875,288,288,0,0
570,"Dota 2",2019-08-25,554414.958333333,288,288,0,0
570,"Dota 2",2019-08-26,477393.552083333,288,288,0,0
570,"Dota 2",2019-08-27,455695.836805556,288,288,0,1
570,"Dota 2",2019-08-28,434168.024647887,288,284,4,0
570,"Dota 2",2019-08-29,441882.614583333,288,288,0,1
570,"Dota 2",2019-08-30,458758.885416667,288,288,0,0
570,"Dota 2",2019-08-31,506141.645833333,288,288,0,0
570,"Dota 2",2019-09-01,507623.756944444,288,288,0,0
570,"Dota 2",2019-09-02,418095.40625,288,288,0,0
570,"Dota 2",2019-09-03,433142.077192982,288,285,3,0
570,"Dota 2",2019-09-04,391509.006944444,288,288,0,0
570,"Dota 2",2019-09-05,392334.666666667,288,288,0,1
570,"Dota 2",2019-09-06,412811.261324042,288,287,1,1
570,"Dota 2",2019-09-07,480987.763888889,288,288,0,0
570,"Dota 2",2019-09-08,485014.847222222,288,288,0,0
570,"Dota 2",2019-09-09,386869.789272031,288,261,27,1
570,"Dota 2",2019-09-10,372295.392982456,288,285,3,0
570,"Dota 2",2019-09-11,365744.409722222,288,288,0,1
570,"Dota 2",2019-09-12,384294.475694444,288,288,0,0
570,"Dota 2",2019-09-13,412785.711805556,288,288,0,0
570,"Dota 2",2019-09-14,464759.982638889,288,288,0,0
570,"Dota 2",2019-09-15,464608.437062937,288,286,2,0
570,"Dota 2",2019-09-16,378950.198555957,288,277,11,0
570,"Dota 2",2019-09-17,370100.319444444,288,288,0,1
570,"Dota 2",2019-09-18,372143.329824561,288,285,3,0
570,"Dota 2",2019-09-19,378559.824175824,288,273,15,1
570,"Dota 2",2019-09-20,429068.201388889,288,288,0,0
570,"Dota 2",2019-09-21,505307.4375,288,288,0,0
570,"Dota 2",2019-09-22,500138.270833333,288,288,0,0
570,"Dota 2",2019-09-23,403260.211805556,288,288,0,0
570,"Dota 2",2019-09-24,391393.258741259,288,286,2,2
570,"Dota 2",2019-09-25,385184.430555556,288,288,0,0
570,"Dota 2",2019-09-26,382647.666666667,288,285,3,0
570,"Dota 2",2019-09-27,404760.892361111,288,288,0,0
570,"Dota 2",2019-09-28,463615.643636364,288,275,13,0
570,"Dota 2",2019-09-29,454892.90625,288,288,0,0
570,"Dota 2",2019-09-30,387315.216027875,288,287,1,2
570,"Dota 2",2019-10-01,389098.989169675,288,277,11,1
570,"Dota 2",2019-10-02,381567.391608392,288,286,2,1
570,"Dota 2",2019-10-03,385469.913194444,288,288,0,0
570,"Dota 2",2019-10-04,405081.413194444,288,288,0,0
570,"Dota 2",2019-10-05,448830.445993031,288,287,1,0
570,"Dota 2",2019-10-06,451311.67368421,288,285,3,0
570,"Dota 2",2019-10-07,384815.828671329,288,286,2,0
570,"Dota 2",2019-10-08,361924.084507042,288,284,4,1
570,"Dota 2",2019-10-09,357657.384341637,288,281,7,0
570,"Dota 2",2019-10-10,347165.472222222,288,288,0,1
570,"Dota 2",2019-10-11,385074.684027778,288,288,0,1
570,"Dota 2",2019-10-12,490922.479166667,288,288,0,0
570,"Dota 2",2019-10-13,520739.496527778,288,288,0,0
570,"Dota 2",2019-10-14,401228.284722222,288,288,0,0
570,"Dota 2",2019-10-15,347047.18245614,288,285,3,1
570,"Dota 2",2019-10-16,387727.982638889,288,288,0,0
570,"Dota 2",2019-10-17,390161.805555556,288,288,0,0
570,"Dota 2",2019-10-18,370092.284722222,288,288,0,2
570,"Dota 2",2019-10-19,436139.305555556,288,288,0,0
570,"Dota 2",2019-10-20,432081.375,288,288,0,0
570,"Dota 2",2019-10-21,353435.142361111,288,288,0,0
570,"Dota 2",2019-10-22,344072.701754386,288,285,3,1
570,"Dota 2",2019-10-23,341687.517361111,288,288,0,1
570,"Dota 2",2019-10-24,336266.81754386,288,285,3,3
570,"Dota 2",2019-10-25,360039.922261484,288,283,5,1
570,"Dota 2",2019-10-26,419556.506944444,288,288,0,0
570,"Dota 2",2019-10-27,423310.336805556,288,288,0,0
570,"Dota 2",2019-10-28,370756.119402985,288,268,20,0
570,"Dota 2",2019-10-29,345441.48951049,288,286,2,0
570,"Dota 2",2019-10-30,342590.121527778,288,288,0,0
570,"Dota 2",2019-10-31,343799.777777778,288,288,0,0
570,"Dota 2",2019-11-01,363151.432055749,288,287,1,0
570,"Dota 2",2019-11-02,413825.138888889,288,288,0,0
570,"Dota 2",2019-11-03,439672.548611111,288,288,0,0
570,"Dota 2",2019-11-04,443258.326388889,288,288,0,0
570,"Dota 2",2019-11-05,409817.633802817,288,284,4,1
570,"Dota 2",2019-11-06,331042.404181185,288,287,1,1
570,"Dota 2",2019-11-07,350442.986111111,288,288,0,0
570,"Dota 2",2019-11-08,440475.909722222,288,288,0,0
570,"Dota 2",2019-11-09,488223.6271777,288,287,1,1
570,"Dota 2",2019-11-10,448910.677083333,288,288,0,1
570,"Dota 2",2019-11-11,428662.256944444,288,288,0,2
570,"Dota 2",2019-11-12,402937.739583333,288,288,0,1
570,"Dota 2",2019-11-13,330258.583333333,288,288,0,0
570,"Dota 2",2019-11-14,331084.25,288,288,0,0
570,"Dota 2",2019-11-15,351448.246527778,288,288,0,1
570,"Dota 2",2019-11-16,398641.26119403,288,268,20,0
570,"Dota 2",2019-11-17,439583.103202847,288,281,7,0
570,"Dota 2",2019-11-18,411292.445614035,288,285,3,0
570,"Dota 2",2019-11-19,337294.5,288,280,8,0
570,"Dota 2",2019-11-20,329605.752650177,288,283,5,1
570,"Dota 2",2019-11-21,349803.192028986,288,276,12,2
570,"Dota 2",2019-11-22,373310.03649635,288,274,14,1
570,"Dota 2",2019-11-23,499922.269503546,288,282,6,0
570,"Dota 2",2019-11-24,478183.722222222,288,288,0,0
570,"Dota 2",2019-11-25,388975.090277778,288,288,0,1
570,"Dota 2",2019-11-26,353038.729824561,288,285,3,1
570,"Dota 2",2019-11-27,415664.694444444,288,288,0,0
570,"Dota 2",2019-11-28,392531.670138889,288,288,0,0
570,"Dota 2",2019-11-29,425336.545138889,288,288,0,0
570,"Dota 2",2019-11-30,485760.517361111,288,288,0,0
570,"Dota 2",2019-12-01,495986.003472222,288,288,0,0
570,"Dota 2",2019-12-02,414084.965277778,288,288,0,1
570,"Dota 2",2019-12-03,404326.236111111,288,288,0,1
570,"Dota 2",2019-12-04,345992.149825784,288,287,1,1
570,"Dota 2",2019-12-05,362394.78125,288,288,0,0
570,"Dota 2",2019-12-06,390645.930555556,288,288,0,2
570,"Dota 2",2019-12-07,419088.701388889,288,288,0,0
570,"Dota 2",2019-12-08,417297.416666667,288,288,0,0
570,"Dota 2",2019-12-09,340413.083623693,288,287,1,0
570,"Dota 2",2019-12-10,333762.957894737,288,285,3,0
570,"Dota 2",2019-12-11,379984.472222222,288,288,0,0
570,"Dota 2",2019-12-12,328448.21875,288,288,0,1
570,"Dota 2",2019-12-13,347308.802083333,288,288,0,0
570,"Dota 2",2019-12-14,401119.819444444,288,288,0,0
570,"Dota 2",2019-12-15,400570.336805556,288,288,0,0
570,"Dota 2",2019-12-16,337208.975694444,288,288,0,0
570,"Dota 2",2019-12-17,325315.06360424,288,283,5,0
570,"Dota 2",2019-12-18,337343.892361111,288,288,0,0
570,"Dota 2",2019-12-19,366093.875,288,288,0,1
570,"Dota 2",2019-12-20,371139.079861111,288,288,0,1
570,"Dota 2",2019-12-21,424966.066202091,288,287,1,0
570,"Dota 2",2019-12-22,426626.78125,288,288,0,0
570,"Dota 2",2019-12-23,377523,288,285,3,0
570,"Dota 2",2019-12-24,378819.472222222,288,288,0,0
570,"Dota 2",2019-12-25,375240.388888889,288,288,0,0
570,"Dota 2",2019-12-26,383041.729166667,288,288,0,0
570,"Dota 2",2019-12-27,391613.951388889,288,288,0,0
570,"Dota 2",2019-12-28,433843.815972222,288,288,0,0
570,"Dota 2",2019-12-29,436630.545138889,288,288,0,0
570,"Dota 2",2019-12-30,399085.411149826,288,287,1,0
570,"Dota 2",2019-12-31,366299.322916667,288,288,0,0
